{
  "name": "Perse Singapore Club Session 3",
  "id": "d876f736-ece5-4198-bf6d-c0c42b79867c",
  "children": [
    {
      "id": "d77a7942-d16e-4d01-a66d-b0c7163f9087",
      "name": "Challenge 1: Countdown Timer",
      "guide": "1_countdown_timer.md",
      "py": "1_countdown_timer.py",
      "tests": [
        {
          "in": "",
          "out": ".*5\n4\n3\n2\n1\nGo!"
        }
      ]
    },
    {
      "id": "aa915308-cfd2-43eb-a972-ff55cf492b29",
      "name": "Challenge 2: Repeat after me",
      "guide": "2_repeat_after_me.md",
      "py": "2_repeat_after_me.py",
      "tests": [
        {
          "in": "hello\nstop\n",
          "out": ".*Say something (or type 'stop' to finish): You said: hello\nSay something (or type 'stop' to finish): You said: stop\nGoodbye!"
        }
      ]
    },
    {
      "id": "c5df71c0-554e-4045-b4f9-25d17274068a",
      "name": "Challenge 3: Guess the number",
      "guide": "3_guess_the_number.md",
      "py": "3_guess_the_number.py",
      "tests": [
        {
          "in": "3\n9\n7\n",
          "out": ".*Too low! Try again.\nGuess the number (1-10): Too high! Try again.\nGuess the number (1-10): Well done, you guessed it!"
        }
      ]
    }
  ]
}
