{
  "name": "Perse Singapore Club Session 2",
  "id": "a6c5f658-3de8-490c-a9e4-b1669ca5051f",
  "children": [
    {
      "id": "d7273ece-888c-4050-8e4f-e5b63a50a8cb",
      "name": "Challenge 1: The Secret Word",
      "guide": "challenge1_if.md",
      "py": "challenge1_if.py",
      "tests": [
        {
          "in": "python",
          "out": ".*Correct! 🐍 You know the secret word!"
        }
      ]
    },
    {
      "id": "d442f708-0ebc-4b87-aa44-b56d3164413d",
      "name": "Challenge 2: High or Low?",
      "guide": "challenge2_if_else.md",
      "py": "challenge2_if_else.py",
      "tests": [
        {
          "in": "112",
          "out": ".*That number is high ⚡️"
        },
        {
          "in": "42",
          "out": ".*That number is low 🌙"
        }
      ]
    },
    {
      "id": "0e9dd870-21ab-4f23-806e-a5afd021a4c9",
      "name": "Challenge 3: Temperature Check",
      "guide": "challenge3_if_elif_else.md",
      "py": "challenge3_if_elif_else.py",
      "tests": [
        {
          "in": "35",
          "out": ".*It's really hot! ☀️ Stay cool and drink water."
        },
        {
          "in": "20",
          "out": ".*It's a nice day! 🌤 Enjoy the weather."
        },
        {
          "in": "5",
          "out": ".*Brrr, it's chilly! ❄️ Wear a jumper."
        }
      ]
    }
  ]
}
