{
  "name": "Tutorial 3",
  "id": "a6c5f658-3de8-490c-a9e4-b1669ca5051f",
  "children": [
    {
      "id": "a2ed536e-32b1-4812-ab84-1757e446aa60",
      "name": "Challenge 1: User Controlled Loop",
      "guide": "blank.md",
      "py": "1_user_controlled_loop.py"
    },
    {
      "id": "856084dc-edfe-4795-b849-001f3cbbed84",
      "name": "Challenge 2: Input Validation",
      "guide": "blank.md",
      "py": "2_validation.py"
    },
    {
      "id": "8ec16a93-a47e-413e-80c9-c97cc17619c9",
      "name": "Challenge 3: Power Square",
      "guide": "blank.md",
      "py": "3_power_square.py",
      "additionalFiles": [
				{
					"filename": "Power_Square.txt",
					"visible": true
				}
			]
    }
  ]
}
