{
  "name": "Perse Singapore Club Session 1",
  "id": "f8e4db46-9480-432b-8e9f-6e8d6007d7fe",
  "children": [
    {
      "id": "076041c4-6a19-4751-a0f6-5266d78af0de",
      "name": "Challenge 1",
      "guide": "01_hello_you.md",
      "py": "01_hello_you.py",
      "tests": [
        {
          "in": "Joe",
          "out": ".*Hello Joe!"
        },
        {
          "in": "Alice",
          "out": ".*Hello Alice!"
        }
      ]
    },
    {
      "id": "4933c2b6-6052-4666-a756-91f63f2aef49",
      "name": "Challenge 2",
      "guide": "02_age_next_year.md",
      "py": "02_age_next_year.py",
      "tests": [
        {
          "in": "12",
          "out": ".*Next year you will be 13"
        },
        {
          "in": "11",
          "out": ".*Next year you will be 12"
        }
      ]
    },
    {
      "id": "f945be5e-6734-41c0-8f37-326aba50e447",
      "name": "Challenge 3",
      "guide": "03_favourite_colour.md",
      "py": "03_favourite_colour.py",
      "tests": [
        {
          "in": "blue",
          "out": ".*Nice! blue is a great choice."
        },
        {
          "in": "red",
          "out": ".*Nice! red is a great choice."
        }
      ]
    },
    {
      "id": "9e05b9bd-351a-4f0b-9e12-3a1c49f81c55",
      "name": "Challenge 4",
      "guide": "04_magic_number.md",
      "py": "04_magic_number.py",
      "tests": [
        {
          "in": "5",
          "out": ".*Your magic result is 35"
        },
        {
          "in": "-2",
          "out": ".*Your magic result is -14"
        }
      ]
    },
    {
      "id": "10f579be-ed39-4b7c-bafb-01b6c03bccad",
      "name": "Challenge 5",
      "guide": "05_birth_year.md",
      "py": "05_birth_year.py",
      "tests": [
        {
          "in": [12,2023],
          "out": ".*I estimate you were born in 2011"
        },
        {
          "in": [30,2024],
          "out": ".*I estimate you were born in 1994"
        }
      ]
    },
    {
      "id": "a6f9b7fb-1e48-437d-9f7e-7cd20095d2a8",
      "name": "Challenge 6",
      "guide": "06_emoji_echo.md",
      "py": "06_emoji_echo.py",
      "tests": [
        {
          "in": ":)",
          "out": ".*:):):):):)"
        },
        {
          "in": "ha",
          "out": ".*hahahahaha"
        }
      ]
    },
    {
      "id": "0e85404e-2a49-4eca-80a3-399473a64bb9",
      "name": "Challenge 7",
      "guide": "07_name_combiner.md",
      "py": "07_name_combiner.py",
      "tests": [
        {
          "in": ["Ada","Lovelace"],
          "out": ".*Nice to meet you, Ada Lovelace!"
        },
        {
          "in": ["Alan","Turing"],
          "out": ".*Nice to meet you, Alan Turing!"
        }
      ]
    },
    {
      "id": "57506136-8692-457e-9347-64fbe1f173a2",
      "name": "Challenge 8",
      "guide": "08_pizza_slices.md",
      "py": "08_pizza_slices.py",
      "tests": [
        {
          "in": [2,4],
          "out": ".*Each person gets 4.0 slices"
        },
        {
          "in": [1,5],
          "out": ".*Each person gets 1.6 slices"
        }
      ]
    },
    {
      "id": "42ba579b-6e48-4329-be26-e9eab9760382",
      "name": "Challenge 9",
      "guide": "09_currency_converter.md",
      "py": "09_currency_converter.py",
      "tests": [
        {
          "in": "100",
          "out": ".*¥93.00 (using rate 0.93)"
        },
        {
          "in": "12.5",
          "out": ".*¥11.62 (using rate 0.93)"
        }
      ]
    },
    {
      "id": "75177c79-324c-419a-b3b6-ae60396b01f0",
      "name": "Challenge 10",
      "guide": "10_secret_formula.md",
      "py": "10_secret_formula.py",
      "tests": [
        {
          "in": "5",
          "out": ".*The secret formula gives 12"
        },
        {
          "in": "-1",
          "out": ".*The secret formula gives 0"
        }
      ]
    }
    ]
}
